siren,nic,denominationUniteLegale,codePostalEtablissement,libelleCommuneEtablissement,adresseEtablissement,activitePrincipaleEtablissement
110855491,29439,Entreprise Delta 721,07300,Tournon-sur-Rhône,72 rue de la Gare,9602B
676586128,27089,Entreprise Alpha 847,07250,Le Pouzin,83 rue de la République,4711D
344803130,34037,Entreprise Omega 552,07200,Aubenas,51 rue de la Gare,5610A
938713316,77927,Entreprise Sigma 367,26200,Montélimar,27 rue de Verdun,4120A
660807258,16578,Entreprise Sigma 936,07100,Annonay,23 rue de la République,9602B
354965714,74491,Entreprise Delta 256,07300,Tournon-sur-Rhône,84 rue de l'Église,4120A
672444084,73072,Entreprise Sigma 65,07250,Le Pouzin,27 rue de l'Église,3102B
838982553,93588,Entreprise Delta 527,07300,Tournon-sur-Rhône,74 rue de Verdun,4120A
652838014,72073,Entreprise Delta 683,26000,Valence,50 rue de l'Église,1071C
944437085,10609,Entreprise Sigma 66,07100,Annonay,39 rue de Verdun,4120A
440247914,62167,Entreprise Sigma 709,26200,Montélimar,18 rue de la République,6201Z
590721334,25724,Entreprise Omega 871,26200,Montélimar,10 rue de la Gare,3102B
529148519,90806,Entreprise Sigma 425,26700,Pierrelatte,29 rue de la République,9602B
479286784,53670,Entreprise Delta 575,07300,Tournon-sur-Rhône,7 rue de la Gare,5610A
665010115,62737,Entreprise Omega 120,07000,Privas,77 rue de la République,4332A
392083241,76105,Entreprise Sigma 444,26700,Pierrelatte,79 rue de la Gare,4332A
403392944,57275,Entreprise Sigma 753,07000,Privas,78 rue de Verdun,4520A
983892627,96212,Entreprise Alpha 779,07250,Le Pouzin,98 rue de l'Église,6201Z
666947918,80632,Entreprise Delta 350,07130,Saint-Péray,82 rue de la Gare,1071C
845829236,82619,Entreprise Beta 443,07000,Privas,84 rue de l'Église,7112B
810486530,35607,Entreprise Delta 835,26500,Bourg-lès-Valence,45 rue de la Gare,6201Z
563756036,21820,Entreprise Delta 715,07130,Saint-Péray,76 rue de l'Église,4120A
140933414,94572,Entreprise Alpha 991,26800,Portes-lès-Valence,92 rue de la République,3102B
795155007,71361,Entreprise Delta 847,26200,Montélimar,71 rue de l'Église,4711D
985385309,73664,Entreprise Delta 78,07300,Tournon-sur-Rhône,10 rue de la République,1071C
243602052,65925,Entreprise Omega 862,26100,Romans-sur-Isère,50 rue de la Gare,4332A
271409486,50333,Entreprise Beta 546,26800,Portes-lès-Valence,20 rue de l'Église,9602B
244195568,59204,Entreprise Alpha 888,07300,Tournon-sur-Rhône,24 rue de la République,1071C
788434804,64743,Entreprise Alpha 338,07300,Tournon-sur-Rhône,93 rue de la Gare,4711D
231097876,43526,Entreprise Beta 580,07300,Tournon-sur-Rhône,26 rue de la Gare,4711D
724213407,54859,Entreprise Alpha 603,07250,Le Pouzin,71 rue de la République,5610A
126656585,76399,Entreprise Delta 696,26200,Montélimar,83 rue de la République,4120A
206654549,74564,Entreprise Beta 319,26100,Romans-sur-Isère,98 rue de la Gare,3102B
484617602,19418,Entreprise Delta 957,26200,Montélimar,64 rue de Verdun,4332A
903765431,33598,Entreprise Beta 874,07200,Aubenas,59 rue de l'Église,5610A
418228844,54007,Entreprise Beta 116,07100,Annonay,59 rue de la Gare,1071C
147769739,48806,Entreprise Alpha 277,07300,Tournon-sur-Rhône,98 rue de l'Église,4120A
289039572,37039,Entreprise Sigma 693,07000,Privas,71 rue de la Gare,6201Z
699071205,68505,Entreprise Omega 765,26000,Valence,82 rue de la République,9602B
511268299,78161,Entreprise Beta 971,07130,Saint-Péray,94 rue de Verdun,6201Z
330136195,84219,Entreprise Delta 122,26000,Valence,73 rue de Verdun,4520A
143222524,27099,Entreprise Delta 488,26700,Pierrelatte,72 rue de la Gare,5610A
998785215,55729,Entreprise Delta 386,07100,Annonay,66 rue de l'Église,4332A
435304456,31806,Entreprise Beta 900,26100,Romans-sur-Isère,35 rue de la République,3102B
435139920,15921,Entreprise Sigma 643,26000,Valence,57 rue de la Gare,9602B
378748875,49501,Entreprise Beta 586,26200,Montélimar,3 rue de l'Église,4520A
966224910,99247,Entreprise Omega 702,26500,Bourg-lès-Valence,63 rue de la République,4520A
277850316,53977,Entreprise Beta 310,07100,Annonay,73 rue de la République,4711D
222880837,25304,Entreprise Beta 788,26100,Romans-sur-Isère,69 rue de l'Église,4120A
784325077,15887,Entreprise Omega 391,07130,Saint-Péray,5 rue de l'Église,5610A
854691120,78795,Entreprise Beta 107,07200,Aubenas,10 rue de l'Église,4120A
831283582,12564,Entreprise Beta 272,26800,Portes-lès-Valence,85 rue de l'Église,3102B
360534227,39044,Entreprise Beta 550,26800,Portes-lès-Valence,47 rue de la République,5610A
252767155,53387,Entreprise Alpha 724,07130,Saint-Péray,10 rue de la République,4120A
295434151,11918,Entreprise Sigma 757,26000,Valence,28 rue de l'Église,1071C
734489787,54934,Entreprise Alpha 539,26000,Valence,77 rue de la Gare,6201Z
233833192,30749,Entreprise Delta 468,07250,Le Pouzin,92 rue de la Gare,4120A
797426816,49846,Entreprise Alpha 480,26100,Romans-sur-Isère,46 rue de Verdun,5610A
161050658,22202,Entreprise Omega 108,07300,Tournon-sur-Rhône,57 rue de l'Église,4120A
810349470,11087,Entreprise Sigma 630,26800,Portes-lès-Valence,41 rue de la République,4120A
348720969,95524,Entreprise Sigma 889,07100,Annonay,97 rue de la Gare,9602B
542579493,30889,Entreprise Omega 961,26800,Portes-lès-Valence,10 rue de la Gare,5610A
407149044,51591,Entreprise Delta 467,26700,Pierrelatte,17 rue de l'Église,9602B
519267513,80171,Entreprise Omega 345,26700,Pierrelatte,56 rue de Verdun,7112B
564243872,88334,Entreprise Sigma 355,07100,Annonay,70 rue de Verdun,4520A
314363308,49478,Entreprise Sigma 758,26100,Romans-sur-Isère,6 rue de la Gare,6201Z
972139312,22397,Entreprise Alpha 735,07100,Annonay,66 rue de l'Église,4520A
796057727,13670,Entreprise Sigma 242,07130,Saint-Péray,95 rue de l'Église,6201Z
672906558,63490,Entreprise Delta 380,07300,Tournon-sur-Rhône,93 rue de la République,7112B
667963092,28941,Entreprise Delta 637,07100,Annonay,78 rue de Verdun,4520A
336925413,10371,Entreprise Delta 771,26200,Montélimar,89 rue de l'Église,4520A
211778716,25630,Entreprise Delta 159,07200,Aubenas,31 rue de l'Église,4332A
376322230,39990,Entreprise Omega 271,26200,Montélimar,10 rue de l'Église,1071C
969511115,83737,Entreprise Beta 403,07130,Saint-Péray,59 rue de l'Église,4711D
303024684,93311,Entreprise Sigma 595,26200,Montélimar,94 rue de l'Église,9602B
768235498,35165,Entreprise Sigma 323,07300,Tournon-sur-Rhône,10 rue de l'Église,4332A
250104112,55318,Entreprise Alpha 711,26100,Romans-sur-Isère,49 rue de Verdun,9602B
836597762,10653,Entreprise Sigma 870,26500,Bourg-lès-Valence,94 rue de la République,1071C
571756662,86840,Entreprise Alpha 935,26100,Romans-sur-Isère,62 rue de la Gare,4120A
488834029,73556,Entreprise Delta 140,07130,Saint-Péray,51 rue de la République,4520A
379158414,38974,Entreprise Beta 520,26000,Valence,40 rue de la République,3102B
564965767,36097,Entreprise Omega 397,26100,Romans-sur-Isère,35 rue de la Gare,3102B
837272496,23645,Entreprise Omega 861,26500,Bourg-lès-Valence,74 rue de l'Église,5610A
104190404,27266,Entreprise Alpha 517,07130,Saint-Péray,11 rue de la République,6201Z
321669253,96617,Entreprise Alpha 739,26200,Montélimar,17 rue de la République,9602B
886840361,76193,Entreprise Sigma 993,26800,Portes-lès-Valence,46 rue de la République,4332A
602709454,33884,Entreprise Delta 579,26800,Portes-lès-Valence,58 rue de l'Église,6201Z
694101104,10733,Entreprise Beta 103,26500,Bourg-lès-Valence,60 rue de l'Église,1071C
562167178,92813,Entreprise Sigma 57,07130,Saint-Péray,32 rue de la République,4332A
292625063,91428,Entreprise Sigma 974,26200,Montélimar,7 rue de Verdun,6201Z
483959260,34870,Entreprise Delta 72,07300,Tournon-sur-Rhône,14 rue de Verdun,4120A
491917286,69650,Entreprise Delta 203,07300,Tournon-sur-Rhône,13 rue de l'Église,4711D
912607485,84796,Entreprise Beta 53,26000,Valence,50 rue de la Gare,9602B
384191902,98360,Entreprise Alpha 192,26200,Montélimar,28 rue de la Gare,1071C
443612979,74706,Entreprise Beta 482,26200,Montélimar,64 rue de Verdun,7112B
705105168,24280,Entreprise Alpha 633,07300,Tournon-sur-Rhône,19 rue de l'Église,3102B
804017754,76887,Entreprise Delta 553,07130,Saint-Péray,96 rue de la République,4332A
610973784,99211,Entreprise Delta 938,26800,Portes-lès-Valence,43 rue de la Gare,7112B
805529563,90733,Entreprise Omega 408,26500,Bourg-lès-Valence,70 rue de la République,4332A
470737676,80381,Entreprise Alpha 272,26100,Romans-sur-Isère,84 rue de la République,4332A
699731053,65550,Entreprise Alpha 243,07250,Le Pouzin,8 rue de l'Église,9602B
881598663,90812,Entreprise Delta 513,26500,Bourg-lès-Valence,31 rue de la République,5610A
992481773,88363,Entreprise Sigma 818,26100,Romans-sur-Isère,42 rue de l'Église,7112B
267735887,62791,Entreprise Delta 724,26800,Portes-lès-Valence,33 rue de la Gare,4332A
400991856,76032,Entreprise Beta 396,07000,Privas,41 rue de Verdun,4711D
379044675,93832,Entreprise Alpha 805,26000,Valence,27 rue de Verdun,4332A
573121632,33334,Entreprise Beta 447,07100,Annonay,64 rue de l'Église,4120A
565400474,84435,Entreprise Sigma 326,07000,Privas,4 rue de l'Église,6201Z
210185396,65969,Entreprise Omega 220,07250,Le Pouzin,35 rue de Verdun,6201Z
869771353,13962,Entreprise Alpha 101,07300,Tournon-sur-Rhône,30 rue de la République,1071C
660302419,85646,Entreprise Delta 927,26000,Valence,34 rue de Verdun,4520A
498522448,66558,Entreprise Alpha 617,07250,Le Pouzin,21 rue de la Gare,5610A
882803024,35470,Entreprise Alpha 763,26700,Pierrelatte,65 rue de la Gare,4520A
188582380,86450,Entreprise Alpha 964,07000,Privas,21 rue de l'Église,4120A
583605402,78159,Entreprise Alpha 24,07000,Privas,95 rue de Verdun,4332A
443199456,61871,Entreprise Delta 460,07100,Annonay,38 rue de l'Église,9602B
334097656,87474,Entreprise Omega 104,26000,Valence,21 rue de l'Église,3102B
282107999,99722,Entreprise Omega 575,07100,Annonay,5 rue de la République,3102B
417576970,59348,Entreprise Sigma 769,26500,Bourg-lès-Valence,76 rue de la République,1071C
843221020,49693,Entreprise Alpha 754,26100,Romans-sur-Isère,59 rue de la Gare,4520A
248369075,14162,Entreprise Omega 826,07250,Le Pouzin,51 rue de l'Église,9602B
854485341,25023,Entreprise Delta 456,26700,Pierrelatte,58 rue de la République,6201Z
779882937,56178,Entreprise Sigma 563,07300,Tournon-sur-Rhône,43 rue de l'Église,1071C
548839207,90790,Entreprise Alpha 781,26700,Pierrelatte,18 rue de la Gare,5610A
439852079,47181,Entreprise Delta 865,07130,Saint-Péray,94 rue de Verdun,9602B
651122801,35265,Entreprise Beta 660,26000,Valence,7 rue de Verdun,4332A
905535828,29356,Entreprise Beta 515,07100,Annonay,83 rue de Verdun,4120A
866013271,98481,Entreprise Beta 747,07250,Le Pouzin,25 rue de la République,4120A
297373457,62312,Entreprise Sigma 87,07100,Annonay,84 rue de l'Église,5610A
434780966,48637,Entreprise Omega 763,26200,Montélimar,61 rue de la Gare,4332A
904802145,60354,Entreprise Delta 255,07130,Saint-Péray,40 rue de la Gare,4332A
906309839,35194,Entreprise Beta 643,07130,Saint-Péray,44 rue de l'Église,1071C
483401933,42350,Entreprise Omega 731,26800,Portes-lès-Valence,55 rue de l'Église,3102B
783266175,97073,Entreprise Beta 975,26700,Pierrelatte,57 rue de la République,4711D
885359262,39797,Entreprise Sigma 339,26100,Romans-sur-Isère,14 rue de la Gare,6201Z
403596841,82914,Entreprise Beta 128,26200,Montélimar,38 rue de la République,9602B
510862446,35538,Entreprise Omega 531,26500,Bourg-lès-Valence,28 rue de l'Église,1071C
376166681,14142,Entreprise Sigma 30,07300,Tournon-sur-Rhône,87 rue de Verdun,1071C
718891791,87866,Entreprise Alpha 866,07130,Saint-Péray,37 rue de la République,4520A
874501596,86548,Entreprise Beta 135,07000,Privas,61 rue de la Gare,7112B
408358155,73241,Entreprise Beta 504,07250,Le Pouzin,94 rue de la Gare,4120A
710510712,67221,Entreprise Omega 118,26500,Bourg-lès-Valence,74 rue de la Gare,5610A
548892008,27139,Entreprise Delta 680,07100,Annonay,7 rue de la Gare,6201Z
413398322,45390,Entreprise Alpha 918,07200,Aubenas,86 rue de Verdun,6201Z
978906055,44977,Entreprise Sigma 214,07250,Le Pouzin,50 rue de la Gare,5610A
687300268,21771,Entreprise Delta 483,07100,Annonay,71 rue de l'Église,1071C
969680661,25832,Entreprise Beta 267,07200,Aubenas,27 rue de Verdun,4120A
669047077,86627,Entreprise Delta 534,26100,Romans-sur-Isère,60 rue de Verdun,4520A
910494652,11625,Entreprise Alpha 127,07200,Aubenas,31 rue de la République,3102B
554762947,82868,Entreprise Alpha 828,26500,Bourg-lès-Valence,19 rue de la République,4120A
465845719,61989,Entreprise Omega 68,07000,Privas,76 rue de la République,5610A
870573117,71123,Entreprise Delta 895,26500,Bourg-lès-Valence,42 rue de Verdun,7112B
124434650,92670,Entreprise Omega 26,26100,Romans-sur-Isère,67 rue de la République,4332A
344408146,55672,Entreprise Delta 830,26800,Portes-lès-Valence,41 rue de la République,4332A
552697314,61551,Entreprise Sigma 662,07000,Privas,39 rue de l'Église,1071C
444256951,76329,Entreprise Delta 487,07000,Privas,78 rue de la Gare,6201Z
835249775,73939,Entreprise Delta 8,07100,Annonay,40 rue de l'Église,4711D
446729126,83657,Entreprise Beta 169,07300,Tournon-sur-Rhône,79 rue de la Gare,5610A
264116068,85323,Entreprise Delta 560,26000,Valence,12 rue de l'Église,9602B
927027813,35907,Entreprise Alpha 541,07200,Aubenas,5 rue de la République,6201Z
946420746,42913,Entreprise Delta 733,26800,Portes-lès-Valence,77 rue de la République,7112B
869380700,63442,Entreprise Delta 759,26100,Romans-sur-Isère,84 rue de la Gare,7112B
389358893,76815,Entreprise Beta 306,26200,Montélimar,39 rue de la Gare,4120A
239349366,83561,Entreprise Sigma 280,26500,Bourg-lès-Valence,80 rue de l'Église,3102B
660096113,24836,Entreprise Alpha 394,07100,Annonay,66 rue de la République,4711D
515995691,55201,Entreprise Sigma 525,07130,Saint-Péray,22 rue de l'Église,7112B
176447621,14738,Entreprise Alpha 87,07250,Le Pouzin,24 rue de la République,9602B
420145817,33740,Entreprise Alpha 351,07200,Aubenas,37 rue de la République,4332A
744199011,12649,Entreprise Sigma 963,26000,Valence,94 rue de la République,1071C
552846575,44068,Entreprise Sigma 897,07200,Aubenas,81 rue de l'Église,9602B
344509342,78045,Entreprise Beta 590,26000,Valence,26 rue de l'Église,9602B
438258916,66298,Entreprise Beta 825,07100,Annonay,59 rue de Verdun,4332A
432966040,28949,Entreprise Beta 5,07000,Privas,31 rue de la République,4332A
354572125,56001,Entreprise Delta 89,07300,Tournon-sur-Rhône,88 rue de l'Église,5610A
582239508,56113,Entreprise Omega 53,26000,Valence,1 rue de la République,5610A
312921788,13092,Entreprise Delta 837,07300,Tournon-sur-Rhône,31 rue de la République,7112B
989942058,49036,Entreprise Sigma 366,26500,Bourg-lès-Valence,16 rue de la Gare,9602B
553412573,69208,Entreprise Delta 300,26200,Montélimar,89 rue de la République,3102B
996840039,18651,Entreprise Delta 886,26200,Montélimar,74 rue de la Gare,5610A
499222636,38203,Entreprise Beta 716,07130,Saint-Péray,15 rue de Verdun,1071C
104398009,79982,Entreprise Sigma 562,07300,Tournon-sur-Rhône,90 rue de la Gare,4332A
107972200,92843,Entreprise Sigma 242,07250,Le Pouzin,29 rue de l'Église,5610A
298173705,47642,Entreprise Beta 634,07000,Privas,63 rue de la République,4332A
281784913,45971,Entreprise Delta 560,07130,Saint-Péray,24 rue de Verdun,9602B
563282678,15752,Entreprise Beta 26,07250,Le Pouzin,50 rue de Verdun,7112B
450740635,43034,Entreprise Alpha 612,26100,Romans-sur-Isère,64 rue de Verdun,4711D
671513344,53535,Entreprise Delta 200,07300,Tournon-sur-Rhône,63 rue de la République,4332A
172747097,92389,Entreprise Alpha 928,07100,Annonay,73 rue de la Gare,4120A
950374261,54396,Entreprise Omega 717,07200,Aubenas,52 rue de Verdun,4120A
858328560,84251,Entreprise Omega 714,26200,Montélimar,35 rue de la Gare,4120A
646265187,59657,Entreprise Alpha 931,26700,Pierrelatte,68 rue de la République,4332A
309885115,72467,Entreprise Alpha 702,07100,Annonay,31 rue de l'Église,4711D
740042750,76538,Entreprise Alpha 515,26800,Portes-lès-Valence,46 rue de la Gare,1071C
775869452,13436,Entreprise Alpha 473,26800,Portes-lès-Valence,4 rue de Verdun,4120A
194984121,24480,Entreprise Sigma 919,26000,Valence,13 rue de Verdun,4332A
157983323,35379,Entreprise Alpha 871,07130,Saint-Péray,89 rue de la Gare,6201Z
734800208,36599,Entreprise Delta 157,07100,Annonay,59 rue de la République,7112B
552064583,70938,Entreprise Beta 289,26700,Pierrelatte,79 rue de la République,6201Z
786016553,76198,Entreprise Omega 566,26000,Valence,6 rue de l'Église,4520A
235034101,35960,Entreprise Delta 252,26700,Pierrelatte,70 rue de la Gare,4120A
468913698,81720,Entreprise Omega 286,07000,Privas,36 rue de la Gare,1071C
853400313,52256,Entreprise Omega 589,07130,Saint-Péray,31 rue de l'Église,4332A
935090449,81447,Entreprise Delta 499,26000,Valence,4 rue de la Gare,6201Z
789979796,69729,Entreprise Omega 211,26500,Bourg-lès-Valence,59 rue de la République,4332A
886797490,35798,Entreprise Sigma 761,26800,Portes-lès-Valence,97 rue de Verdun,4120A
561533994,24866,Entreprise Omega 601,07130,Saint-Péray,1 rue de Verdun,3102B
266767030,89245,Entreprise Beta 193,07130,Saint-Péray,85 rue de Verdun,4520A
901583120,57170,Entreprise Sigma 610,26200,Montélimar,27 rue de la République,9602B
298558969,14024,Entreprise Beta 628,26500,Bourg-lès-Valence,94 rue de l'Église,7112B
602315536,63453,Entreprise Delta 257,26000,Valence,71 rue de Verdun,7112B
781126569,66521,Entreprise Beta 375,26200,Montélimar,53 rue de l'Église,4520A
116481865,72993,Entreprise Beta 462,07250,Le Pouzin,1 rue de la République,4332A
880674839,16554,Entreprise Alpha 751,26200,Montélimar,90 rue de la Gare,7112B
186712864,19239,Entreprise Sigma 2,26500,Bourg-lès-Valence,86 rue de la Gare,4520A
866239913,33074,Entreprise Beta 392,26700,Pierrelatte,19 rue de l'Église,6201Z
353016276,55107,Entreprise Beta 483,07200,Aubenas,84 rue de Verdun,4711D
474696512,18484,Entreprise Alpha 840,26000,Valence,24 rue de la République,4711D
501879440,56956,Entreprise Delta 182,07250,Le Pouzin,88 rue de Verdun,9602B
216378961,30043,Entreprise Alpha 154,26200,Montélimar,79 rue de la Gare,5610A
544071145,65034,Entreprise Delta 13,26200,Montélimar,70 rue de Verdun,3102B
550511307,29227,Entreprise Sigma 434,26700,Pierrelatte,63 rue de Verdun,4711D
311959147,25015,Entreprise Alpha 248,26700,Pierrelatte,70 rue de la République,1071C
442745699,36031,Entreprise Delta 241,07200,Aubenas,45 rue de la République,5610A
566038062,71868,Entreprise Omega 404,26700,Pierrelatte,20 rue de la République,3102B
631289228,47674,Entreprise Omega 894,07300,Tournon-sur-Rhône,23 rue de l'Église,1071C
482152868,31718,Entreprise Delta 432,26000,Valence,14 rue de la République,4120A
920264476,61070,Entreprise Sigma 569,07000,Privas,93 rue de la République,4520A
193505139,93543,Entreprise Beta 273,07130,Saint-Péray,89 rue de la Gare,7112B
276688577,36570,Entreprise Beta 473,07250,Le Pouzin,65 rue de la République,4120A
445609442,12202,Entreprise Alpha 380,07300,Tournon-sur-Rhône,27 rue de la Gare,6201Z
933176678,87395,Entreprise Delta 866,07200,Aubenas,95 rue de la République,5610A
440995650,46510,Entreprise Omega 643,26800,Portes-lès-Valence,92 rue de la Gare,4520A
177018712,97127,Entreprise Alpha 403,26200,Montélimar,81 rue de la République,5610A
413698779,30810,Entreprise Alpha 401,26500,Bourg-lès-Valence,17 rue de Verdun,5610A
746961757,37983,Entreprise Beta 468,07250,Le Pouzin,30 rue de la République,4332A
825479950,96369,Entreprise Delta 435,26200,Montélimar,17 rue de l'Église,9602B
354646793,22644,Entreprise Omega 752,26200,Montélimar,54 rue de la Gare,1071C
324154842,87476,Entreprise Omega 226,07000,Privas,17 rue de l'Église,6201Z
552533994,91450,Entreprise Alpha 115,07250,Le Pouzin,58 rue de la République,4120A
622964678,94704,Entreprise Delta 197,26000,Valence,66 rue de l'Église,6201Z
507908274,88686,Entreprise Sigma 496,07300,Tournon-sur-Rhône,53 rue de Verdun,9602B
993462798,46674,Entreprise Sigma 779,26200,Montélimar,3 rue de la République,9602B
707933774,22995,Entreprise Beta 331,07200,Aubenas,25 rue de la République,7112B
561061781,23624,Entreprise Sigma 63,07250,Le Pouzin,11 rue de la Gare,6201Z
182370978,56465,Entreprise Omega 582,07000,Privas,34 rue de l'Église,4711D
733502562,10889,Entreprise Omega 290,26200,Montélimar,53 rue de la Gare,4332A
120667142,38054,Entreprise Delta 271,07130,Saint-Péray,71 rue de la République,3102B
850780307,41210,Entreprise Delta 670,26200,Montélimar,47 rue de la République,3102B
262976654,13671,Entreprise Omega 918,07100,Annonay,60 rue de l'Église,4332A
631823726,68999,Entreprise Beta 909,26100,Romans-sur-Isère,58 rue de l'Église,7112B
390132714,12465,Entreprise Sigma 4,07000,Privas,28 rue de la République,3102B
284103571,19071,Entreprise Delta 603,07000,Privas,54 rue de Verdun,7112B
531066860,46708,Entreprise Beta 352,26800,Portes-lès-Valence,17 rue de l'Église,1071C
760231938,95218,Entreprise Sigma 185,07130,Saint-Péray,42 rue de l'Église,1071C
440055654,49698,Entreprise Sigma 804,07250,Le Pouzin,91 rue de l'Église,3102B
664505463,73808,Entreprise Alpha 276,07300,Tournon-sur-Rhône,59 rue de la République,5610A
133455778,91214,Entreprise Beta 342,07250,Le Pouzin,18 rue de la République,1071C
837723529,25728,Entreprise Sigma 663,07200,Aubenas,79 rue de la Gare,4332A
601871482,55921,Entreprise Omega 44,26700,Pierrelatte,48 rue de la Gare,1071C
748476341,78231,Entreprise Alpha 470,26800,Portes-lès-Valence,82 rue de l'Église,4711D
175969691,37968,Entreprise Sigma 43,26200,Montélimar,2 rue de la République,4120A
112790066,51833,Entreprise Delta 547,26200,Montélimar,34 rue de la République,4332A
991929103,91431,Entreprise Sigma 273,07300,Tournon-sur-Rhône,76 rue de la Gare,6201Z
298841853,22316,Entreprise Beta 804,26000,Valence,33 rue de Verdun,4711D
393309000,26454,Entreprise Alpha 31,26500,Bourg-lès-Valence,77 rue de la Gare,6201Z
283737301,82771,Entreprise Sigma 216,26200,Montélimar,89 rue de la République,4120A
735755835,60030,Entreprise Sigma 765,07200,Aubenas,70 rue de Verdun,4520A
490763040,52753,Entreprise Delta 474,26100,Romans-sur-Isère,72 rue de la République,4332A
273792445,39813,Entreprise Sigma 126,26100,Romans-sur-Isère,71 rue de la République,1071C
383518345,40972,Entreprise Beta 105,07200,Aubenas,41 rue de la République,6201Z
263391523,35833,Entreprise Sigma 568,07300,Tournon-sur-Rhône,78 rue de l'Église,5610A
573024194,48329,Entreprise Sigma 927,26100,Romans-sur-Isère,49 rue de l'Église,5610A
113687894,82277,Entreprise Omega 985,07100,Annonay,86 rue de l'Église,4120A
519383860,13304,Entreprise Delta 608,26700,Pierrelatte,12 rue de l'Église,4120A
534851545,33442,Entreprise Delta 425,26700,Pierrelatte,20 rue de l'Église,9602B
121174786,95797,Entreprise Omega 207,07130,Saint-Péray,20 rue de l'Église,4520A
405768956,11681,Entreprise Omega 262,07300,Tournon-sur-Rhône,18 rue de la Gare,1071C
185476445,56928,Entreprise Delta 976,07100,Annonay,10 rue de l'Église,3102B
938712139,22533,Entreprise Alpha 669,26500,Bourg-lès-Valence,25 rue de la Gare,4332A
363448102,74953,Entreprise Sigma 108,07000,Privas,17 rue de Verdun,6201Z
283666500,70653,Entreprise Sigma 710,07200,Aubenas,10 rue de la Gare,4711D
305071103,31903,Entreprise Sigma 834,07200,Aubenas,74 rue de Verdun,4332A
479250664,86728,Entreprise Sigma 115,26100,Romans-sur-Isère,4 rue de Verdun,4332A
648044290,34232,Entreprise Sigma 526,07250,Le Pouzin,19 rue de l'Église,4120A
910027923,94433,Entreprise Beta 251,26200,Montélimar,65 rue de l'Église,5610A
700012767,68821,Entreprise Alpha 234,26200,Montélimar,59 rue de la République,4520A
586833630,71670,Entreprise Delta 294,26800,Portes-lès-Valence,96 rue de Verdun,7112B
159284422,62214,Entreprise Beta 274,07100,Annonay,67 rue de la République,4332A
345009986,51842,Entreprise Sigma 349,07250,Le Pouzin,66 rue de la République,7112B
663878578,46711,Entreprise Omega 333,26700,Pierrelatte,31 rue de la République,3102B
446777902,11939,Entreprise Alpha 319,07100,Annonay,6 rue de l'Église,3102B
673645834,97275,Entreprise Alpha 573,07100,Annonay,84 rue de la Gare,9602B
327922813,12519,Entreprise Omega 214,26500,Bourg-lès-Valence,24 rue de l'Église,5610A
696648850,52137,Entreprise Delta 41,26000,Valence,52 rue de Verdun,3102B
679102819,21540,Entreprise Omega 143,26100,Romans-sur-Isère,26 rue de la République,7112B
154554853,12181,Entreprise Omega 533,07250,Le Pouzin,14 rue de Verdun,3102B
897661863,70810,Entreprise Delta 226,26800,Portes-lès-Valence,88 rue de Verdun,3102B
135620438,86630,Entreprise Sigma 880,07200,Aubenas,60 rue de la République,9602B
815989063,30974,Entreprise Beta 834,26800,Portes-lès-Valence,23 rue de Verdun,5610A
221041627,97380,Entreprise Alpha 23,07100,Annonay,88 rue de la Gare,5610A
124131350,97334,Entreprise Beta 528,26500,Bourg-lès-Valence,40 rue de la Gare,7112B
261991895,71369,Entreprise Beta 977,07200,Aubenas,83 rue de l'Église,7112B
928418646,70739,Entreprise Sigma 37,07300,Tournon-sur-Rhône,88 rue de Verdun,5610A
955777091,20117,Entreprise Omega 526,07130,Saint-Péray,71 rue de Verdun,4711D
871355743,93827,Entreprise Beta 36,07250,Le Pouzin,76 rue de la Gare,4120A
483052577,84702,Entreprise Sigma 142,07100,Annonay,93 rue de la République,6201Z
238021992,20502,Entreprise Alpha 767,07130,Saint-Péray,75 rue de la République,4332A
888654470,15049,Entreprise Delta 745,07000,Privas,49 rue de la République,4332A
217231259,98437,Entreprise Omega 185,07250,Le Pouzin,50 rue de l'Église,4520A
723465800,57519,Entreprise Delta 238,26700,Pierrelatte,11 rue de Verdun,7112B
583713599,54594,Entreprise Delta 499,07300,Tournon-sur-Rhône,10 rue de la République,6201Z
413466288,96445,Entreprise Delta 865,07130,Saint-Péray,51 rue de la Gare,4711D
198060575,13681,Entreprise Beta 964,26800,Portes-lès-Valence,1 rue de l'Église,4332A
855079437,79980,Entreprise Sigma 23,26500,Bourg-lès-Valence,4 rue de Verdun,4120A
832168514,16812,Entreprise Beta 618,26800,Portes-lès-Valence,54 rue de la Gare,6201Z
339289920,27756,Entreprise Beta 605,26000,Valence,44 rue de la République,4520A
242568820,13325,Entreprise Omega 82,07300,Tournon-sur-Rhône,66 rue de l'Église,4120A
941324650,75848,Entreprise Sigma 894,26800,Portes-lès-Valence,68 rue de l'Église,4332A
402054288,16859,Entreprise Sigma 455,26200,Montélimar,94 rue de la Gare,6201Z
114544810,74898,Entreprise Beta 939,26100,Romans-sur-Isère,96 rue de l'Église,7112B
704259886,24804,Entreprise Sigma 183,26000,Valence,77 rue de Verdun,6201Z
577074654,97981,Entreprise Delta 482,26200,Montélimar,60 rue de la République,1071C
749173445,84780,Entreprise Sigma 199,26500,Bourg-lès-Valence,55 rue de la Gare,3102B
851375998,73016,Entreprise Sigma 888,07250,Le Pouzin,64 rue de la Gare,9602B
695608190,34196,Entreprise Alpha 630,07250,Le Pouzin,85 rue de l'Église,4520A
854246353,55164,Entreprise Delta 42,07250,Le Pouzin,32 rue de Verdun,4711D
967431947,88723,Entreprise Beta 17,26800,Portes-lès-Valence,76 rue de la République,4332A
384911057,23347,Entreprise Omega 336,07200,Aubenas,97 rue de la République,9602B
827603750,48202,Entreprise Beta 580,07100,Annonay,1 rue de la Gare,4332A
295681794,88429,Entreprise Beta 199,07250,Le Pouzin,32 rue de Verdun,4332A
321767872,84077,Entreprise Delta 210,26200,Montélimar,38 rue de la Gare,4332A
696747370,70325,Entreprise Omega 371,07250,Le Pouzin,60 rue de la Gare,3102B
986182780,13756,Entreprise Alpha 681,07000,Privas,78 rue de Verdun,7112B
801934803,67592,Entreprise Alpha 750,26100,Romans-sur-Isère,29 rue de la Gare,4332A
642086468,65653,Entreprise Delta 755,07300,Tournon-sur-Rhône,17 rue de Verdun,4120A
542747789,29475,Entreprise Sigma 483,26000,Valence,93 rue de la République,3102B
301181418,49292,Entreprise Delta 26,07000,Privas,88 rue de la République,9602B
972640902,34568,Entreprise Omega 572,26200,Montélimar,17 rue de Verdun,4332A
333006924,14291,Entreprise Beta 23,26700,Pierrelatte,78 rue de la Gare,5610A
361996279,85457,Entreprise Delta 487,07100,Annonay,82 rue de l'Église,3102B
736952252,47437,Entreprise Omega 422,07000,Privas,16 rue de la Gare,7112B
254446064,42403,Entreprise Alpha 636,26800,Portes-lès-Valence,42 rue de l'Église,4332A
958506805,30444,Entreprise Alpha 140,26000,Valence,59 rue de Verdun,7112B
237769627,72587,Entreprise Omega 949,26700,Pierrelatte,75 rue de l'Église,9602B
582015579,35494,Entreprise Sigma 278,07250,Le Pouzin,6 rue de Verdun,4332A
222498539,63747,Entreprise Alpha 524,07100,Annonay,37 rue de la République,7112B
551136672,83636,Entreprise Alpha 85,07100,Annonay,70 rue de Verdun,6201Z
499452111,14785,Entreprise Beta 878,26200,Montélimar,36 rue de l'Église,6201Z
616735201,63311,Entreprise Sigma 940,26700,Pierrelatte,76 rue de la République,6201Z
267643427,43479,Entreprise Sigma 778,26200,Montélimar,7 rue de la République,4332A
290130020,35704,Entreprise Alpha 730,26500,Bourg-lès-Valence,77 rue de la Gare,5610A
668395799,83540,Entreprise Beta 411,26200,Montélimar,58 rue de la République,3102B
528191663,47933,Entreprise Sigma 169,07000,Privas,7 rue de la République,3102B
330393191,41332,Entreprise Sigma 778,26000,Valence,48 rue de Verdun,5610A
653758515,45965,Entreprise Alpha 720,07130,Saint-Péray,40 rue de Verdun,4520A
918385229,76733,Entreprise Omega 239,07100,Annonay,83 rue de Verdun,7112B
905482387,74086,Entreprise Sigma 569,26800,Portes-lès-Valence,83 rue de la République,3102B
393778747,69345,Entreprise Alpha 524,07100,Annonay,40 rue de Verdun,3102B
333924284,50692,Entreprise Sigma 650,07300,Tournon-sur-Rhône,94 rue de l'Église,5610A
171228972,16571,Entreprise Delta 969,26000,Valence,80 rue de la Gare,7112B
514703984,68320,Entreprise Sigma 151,07200,Aubenas,33 rue de Verdun,4332A
451143437,36589,Entreprise Omega 883,07250,Le Pouzin,79 rue de Verdun,4711D
691328055,61713,Entreprise Omega 268,26100,Romans-sur-Isère,59 rue de la République,4120A
296829917,19887,Entreprise Alpha 456,26200,Montélimar,50 rue de la Gare,4711D
846332187,41858,Entreprise Omega 377,26200,Montélimar,96 rue de la Gare,4711D
545899201,12290,Entreprise Omega 640,07000,Privas,35 rue de la République,6201Z
604866892,43887,Entreprise Beta 901,26000,Valence,66 rue de la Gare,4520A
129253870,36427,Entreprise Omega 564,26800,Portes-lès-Valence,46 rue de Verdun,4520A
848659003,21813,Entreprise Alpha 509,07250,Le Pouzin,39 rue de la Gare,4711D
327394021,13421,Entreprise Beta 858,07200,Aubenas,57 rue de Verdun,9602B
910779944,63267,Entreprise Beta 212,26700,Pierrelatte,11 rue de la Gare,4120A
174990103,32365,Entreprise Delta 668,26800,Portes-lès-Valence,16 rue de la République,4332A
796784449,87029,Entreprise Omega 59,26800,Portes-lès-Valence,4 rue de Verdun,4520A
129352895,17046,Entreprise Beta 749,26200,Montélimar,59 rue de Verdun,5610A
387966263,45918,Entreprise Delta 866,26700,Pierrelatte,22 rue de l'Église,6201Z
287140230,39736,Entreprise Sigma 615,07200,Aubenas,39 rue de la Gare,7112B
605754519,26637,Entreprise Delta 285,26500,Bourg-lès-Valence,46 rue de la République,4332A
446165578,81450,Entreprise Sigma 904,26700,Pierrelatte,84 rue de la Gare,5610A
590695015,17486,Entreprise Beta 676,07000,Privas,13 rue de Verdun,7112B
812598157,51759,Entreprise Beta 467,26800,Portes-lès-Valence,34 rue de Verdun,9602B
556829925,29668,Entreprise Omega 518,07100,Annonay,7 rue de Verdun,6201Z
530887219,70735,Entreprise Delta 253,07250,Le Pouzin,96 rue de la Gare,9602B
675376038,85987,Entreprise Beta 889,26800,Portes-lès-Valence,44 rue de l'Église,4520A
155951808,16047,Entreprise Delta 563,07130,Saint-Péray,70 rue de la Gare,1071C
251485300,93160,Entreprise Beta 807,26700,Pierrelatte,31 rue de l'Église,4520A
252194659,38960,Entreprise Omega 44,07130,Saint-Péray,36 rue de l'Église,7112B
957217737,20720,Entreprise Sigma 432,26100,Romans-sur-Isère,63 rue de la République,4120A
171200099,68916,Entreprise Omega 998,26200,Montélimar,67 rue de l'Église,7112B
618763546,75770,Entreprise Beta 200,26800,Portes-lès-Valence,48 rue de l'Église,6201Z
481094638,11241,Entreprise Beta 526,26200,Montélimar,28 rue de la République,7112B
320566958,38419,Entreprise Delta 316,26200,Montélimar,39 rue de l'Église,9602B
578347832,55688,Entreprise Sigma 382,07250,Le Pouzin,50 rue de la Gare,4120A
750902576,38213,Entreprise Beta 94,26800,Portes-lès-Valence,25 rue de Verdun,4332A
317589908,97575,Entreprise Sigma 840,07200,Aubenas,70 rue de Verdun,1071C
914991808,22528,Entreprise Alpha 364,07100,Annonay,83 rue de la République,4120A
107080585,81929,Entreprise Omega 732,26100,Romans-sur-Isère,49 rue de Verdun,4520A
486127225,25505,Entreprise Sigma 883,26100,Romans-sur-Isère,40 rue de la République,1071C
289661610,85825,Entreprise Beta 781,07200,Aubenas,59 rue de la Gare,9602B
157346681,43713,Entreprise Omega 442,07300,Tournon-sur-Rhône,79 rue de la Gare,1071C
169921973,95490,Entreprise Alpha 820,26500,Bourg-lès-Valence,74 rue de la Gare,4520A
535833013,76110,Entreprise Sigma 266,26000,Valence,88 rue de la Gare,4120A
640103775,41196,Entreprise Beta 857,26000,Valence,91 rue de la République,9602B
756476165,71706,Entreprise Delta 118,07250,Le Pouzin,97 rue de la République,4120A
676457000,31255,Entreprise Alpha 507,07300,Tournon-sur-Rhône,66 rue de l'Église,4120A
344794668,24716,Entreprise Beta 136,26000,Valence,71 rue de la Gare,4711D
357825259,81332,Entreprise Delta 571,07100,Annonay,57 rue de Verdun,6201Z
762830264,22991,Entreprise Alpha 271,26700,Pierrelatte,27 rue de la République,5610A
497493355,71147,Entreprise Omega 659,07000,Privas,37 rue de l'Église,3102B
329112430,13520,Entreprise Sigma 318,26200,Montélimar,89 rue de la Gare,9602B
780619303,17087,Entreprise Beta 674,26000,Valence,64 rue de Verdun,4120A
682615701,27617,Entreprise Omega 769,26800,Portes-lès-Valence,69 rue de la Gare,4520A
286801344,93020,Entreprise Delta 310,07100,Annonay,8 rue de l'Église,4520A
281652845,83463,Entreprise Alpha 828,26100,Romans-sur-Isère,63 rue de la République,4120A
973371939,78577,Entreprise Delta 502,07200,Aubenas,40 rue de la République,6201Z
624045639,46985,Entreprise Alpha 186,26500,Bourg-lès-Valence,65 rue de l'Église,3102B
965353136,67123,Entreprise Sigma 742,26800,Portes-lès-Valence,12 rue de la République,4520A
582650976,65862,Entreprise Omega 762,07200,Aubenas,74 rue de Verdun,3102B
197246123,32771,Entreprise Alpha 748,26500,Bourg-lès-Valence,30 rue de la Gare,1071C
226628341,76456,Entreprise Sigma 883,26500,Bourg-lès-Valence,81 rue de la République,9602B
574216093,13180,Entreprise Delta 129,07130,Saint-Péray,92 rue de Verdun,1071C
426101008,44692,Entreprise Delta 375,07100,Annonay,19 rue de Verdun,1071C
345546172,92836,Entreprise Delta 665,26100,Romans-sur-Isère,14 rue de la Gare,4120A
785739639,73669,Entreprise Beta 575,07130,Saint-Péray,33 rue de la Gare,5610A
158898673,36695,Entreprise Delta 142,07000,Privas,71 rue de la Gare,6201Z
141577906,64319,Entreprise Beta 692,26700,Pierrelatte,97 rue de la République,4711D
843763129,16835,Entreprise Alpha 72,26100,Romans-sur-Isère,99 rue de Verdun,7112B
429626914,49169,Entreprise Beta 86,26500,Bourg-lès-Valence,30 rue de l'Église,3102B
639122765,58118,Entreprise Alpha 5,26000,Valence,36 rue de l'Église,4332A
838337901,37800,Entreprise Sigma 938,26700,Pierrelatte,20 rue de l'Église,5610A
835571739,43149,Entreprise Alpha 222,07000,Privas,29 rue de la Gare,4711D
964537403,17680,Entreprise Beta 804,26100,Romans-sur-Isère,38 rue de la Gare,6201Z
813500345,41036,Entreprise Beta 747,26800,Portes-lès-Valence,24 rue de la Gare,3102B
203770791,46390,Entreprise Beta 55,07200,Aubenas,57 rue de la République,9602B
247615187,73557,Entreprise Delta 683,07100,Annonay,55 rue de l'Église,1071C
494932760,21427,Entreprise Omega 34,26100,Romans-sur-Isère,74 rue de la Gare,4120A
923835255,95611,Entreprise Delta 745,07300,Tournon-sur-Rhône,74 rue de la République,6201Z
159702622,52360,Entreprise Sigma 355,26800,Portes-lès-Valence,52 rue de la Gare,6201Z
762414974,59533,Entreprise Sigma 586,07300,Tournon-sur-Rhône,54 rue de Verdun,4520A
101312632,27560,Entreprise Alpha 675,26500,Bourg-lès-Valence,38 rue de l'Église,4711D
832513205,63836,Entreprise Omega 50,07250,Le Pouzin,61 rue de Verdun,1071C
253672888,58937,Entreprise Omega 536,07130,Saint-Péray,3 rue de l'Église,3102B
728140021,31395,Entreprise Alpha 390,07130,Saint-Péray,13 rue de l'Église,7112B
164076365,16149,Entreprise Delta 830,26100,Romans-sur-Isère,51 rue de Verdun,1071C
126046848,62746,Entreprise Omega 383,07130,Saint-Péray,70 rue de l'Église,5610A
233594052,71168,Entreprise Sigma 135,26200,Montélimar,26 rue de l'Église,4120A
435895227,64539,Entreprise Delta 908,07200,Aubenas,84 rue de la République,4120A
494057160,91167,Entreprise Delta 33,26700,Pierrelatte,53 rue de la Gare,7112B
316069986,20515,Entreprise Sigma 462,26700,Pierrelatte,30 rue de l'Église,6201Z
682094482,37557,Entreprise Omega 471,07130,Saint-Péray,15 rue de Verdun,4711D
612073635,23156,Entreprise Alpha 170,07200,Aubenas,61 rue de la Gare,4332A
744312062,77708,Entreprise Beta 485,26800,Portes-lès-Valence,55 rue de l'Église,7112B
696144877,24414,Entreprise Beta 593,26800,Portes-lès-Valence,14 rue de la République,7112B
307609632,42800,Entreprise Delta 574,07130,Saint-Péray,15 rue de l'Église,9602B
202763866,32840,Entreprise Delta 284,07000,Privas,44 rue de l'Église,3102B
691756628,84472,Entreprise Omega 119,26700,Pierrelatte,37 rue de la République,7112B
421433235,83577,Entreprise Omega 459,07100,Annonay,47 rue de la République,6201Z
434192059,79340,Entreprise Omega 858,07130,Saint-Péray,53 rue de la Gare,9602B
399383607,49580,Entreprise Beta 783,07250,Le Pouzin,34 rue de Verdun,4120A
768497972,67206,Entreprise Beta 360,26000,Valence,98 rue de la République,4120A
941576303,24559,Entreprise Sigma 646,07200,Aubenas,69 rue de la Gare,7112B
416958603,69609,Entreprise Beta 535,26100,Romans-sur-Isère,62 rue de Verdun,7112B
691722396,35010,Entreprise Alpha 896,26700,Pierrelatte,87 rue de la Gare,7112B
108910149,31220,Entreprise Sigma 608,07000,Privas,49 rue de la Gare,9602B
133676145,70438,Entreprise Delta 536,26000,Valence,22 rue de la République,4520A
990105935,89431,Entreprise Beta 428,07130,Saint-Péray,30 rue de la République,4332A
473790352,72474,Entreprise Alpha 640,26500,Bourg-lès-Valence,77 rue de Verdun,3102B
486747888,66266,Entreprise Beta 722,07250,Le Pouzin,45 rue de Verdun,5610A
717687827,79160,Entreprise Delta 851,26100,Romans-sur-Isère,32 rue de l'Église,4120A
819197680,75883,Entreprise Sigma 747,07250,Le Pouzin,22 rue de la Gare,4332A
897469334,38014,Entreprise Alpha 49,26100,Romans-sur-Isère,12 rue de l'Église,4711D
130494024,27960,Entreprise Beta 311,07200,Aubenas,24 rue de l'Église,4332A
305467501,50791,Entreprise Omega 363,07000,Privas,68 rue de la Gare,4332A
475712318,98955,Entreprise Delta 349,07300,Tournon-sur-Rhône,78 rue de la République,7112B
962938018,56707,Entreprise Omega 880,26100,Romans-sur-Isère,59 rue de la République,4711D
856678472,77490,Entreprise Alpha 788,07130,Saint-Péray,46 rue de Verdun,3102B
439121025,26751,Entreprise Delta 997,26500,Bourg-lès-Valence,53 rue de la Gare,5610A
791658200,39370,Entreprise Omega 559,07100,Annonay,74 rue de la République,4711D
258850521,60730,Entreprise Sigma 201,07000,Privas,36 rue de Verdun,4120A
747054469,53807,Entreprise Delta 652,07200,Aubenas,71 rue de Verdun,4120A
311829796,14435,Entreprise Omega 410,07200,Aubenas,9 rue de la République,3102B
136048388,75044,Entreprise Delta 1,07000,Privas,87 rue de la République,4120A
424108602,19990,Entreprise Omega 86,07000,Privas,94 rue de l'Église,4120A
877512672,94394,Entreprise Beta 91,26800,Portes-lès-Valence,34 rue de la République,1071C
913819998,81407,Entreprise Delta 486,07130,Saint-Péray,88 rue de l'Église,6201Z
968125055,91139,Entreprise Alpha 969,07200,Aubenas,33 rue de l'Église,5610A
225240119,63823,Entreprise Beta 231,26100,Romans-sur-Isère,21 rue de l'Église,3102B
110835649,51261,Entreprise Omega 477,26500,Bourg-lès-Valence,43 rue de la Gare,1071C
327871283,34588,Entreprise Sigma 922,07200,Aubenas,91 rue de l'Église,4711D
760734161,11239,Entreprise Alpha 797,26700,Pierrelatte,32 rue de la République,4520A
259682683,11962,Entreprise Omega 779,07130,Saint-Péray,68 rue de l'Église,7112B
174431408,56741,Entreprise Delta 196,26000,Valence,91 rue de l'Église,1071C
217680113,46526,Entreprise Omega 74,26800,Portes-lès-Valence,53 rue de l'Église,4711D
939791425,19458,Entreprise Alpha 111,26100,Romans-sur-Isère,71 rue de la Gare,6201Z
353714427,77126,Entreprise Beta 436,07250,Le Pouzin,62 rue de la République,9602B
152380558,63179,Entreprise Alpha 206,07130,Saint-Péray,18 rue de la République,9602B
521598352,80436,Entreprise Sigma 354,07000,Privas,23 rue de Verdun,4711D
229930485,37102,Entreprise Delta 762,26700,Pierrelatte,6 rue de l'Église,3102B
930048166,59425,Entreprise Sigma 268,26500,Bourg-lès-Valence,7 rue de la Gare,4120A
127941293,89390,Entreprise Beta 282,07300,Tournon-sur-Rhône,56 rue de la République,4520A
707474810,84950,Entreprise Alpha 276,26200,Montélimar,45 rue de la Gare,9602B
